{
    "error": [],
    "result": {
        "trades": {
            "THVRQM-33VKH-UCI7BS": {
                "ordertxid": "OQCLML-BW3P3-BUCMWZ",
                "postxid": "TKH2SE-M7IF5-CFI7LT",
                "pair": "XETHZUSD",
                "time": 1616667796.8802,
                "type": "buy",
                "ordertype": "limit",
                "price": "268.97000",
                "cost": "100.0000",
                "fee": "0.00000",
                "vol": "0.37178867531",
                "margin": "0.00000",
                "misc": ""
            },
            "1627407022.344618": {
                "ordertxid": "OQCLML-BW3P3-BUCMWZ",
                "postxid": "TKH2SE-M7IF5-CFI7LT",
                "pair": "XETHZUSD",
                "time": 1627407022.344614,
                "type": "sell",
                "ordertype": "limit",
                "price": "2252.56",
                "cost": "837.4762984562935",
                "fee": "0.00000",
                "vol": "0.37178867531",
                "margin": "0.00000",
                "misc": ""
            },
            "1627407022.355552": {
                "ordertxid": "OQCLML-BW3P3-BUCMWZ",
                "postxid": "TKH2SE-M7IF5-CFI7LT",
                "pair": "XETHZUSD",
                "time": 1627407022.355546,
                "type": "buy",
                "ordertype": "limit",
                "price": "2250.01",
                "cost": "837.4762984562935",
                "fee": "0.00000",
                "vol": "0.3722100339359796",
                "margin": "0.00000",
                "misc": ""
            },
            "1627407022.408329": {
                "ordertxid": "OQCLML-BW3P3-BUCMWZ",
                "postxid": "TKH2SE-M7IF5-CFI7LT",
                "pair": "XETHZUSD",
                "time": 1627407022.408325,
                "type": "sell",
                "ordertype": "limit",
                "price": "2233.53",
                "cost": "831.3422770970286",
                "fee": "0.00000",
                "vol": "0.3722100339359796",
                "margin": "0.00000",
                "misc": ""
            },
            "1627407022.418467": {
                "ordertxid": "OQCLML-BW3P3-BUCMWZ",
                "postxid": "TKH2SE-M7IF5-CFI7LT",
                "pair": "XETHZUSD",
                "time": 1627407022.418462,
                "type": "buy",
                "ordertype": "limit",
                "price": "2238.52",
                "cost": "831.3422770970286",
                "fee": "0.00000",
                "vol": "0.37138032141639504",
                "margin": "0.00000",
                "misc": ""
            },
            "1627407022.436128": {
                "ordertxid": "OQCLML-BW3P3-BUCMWZ",
                "postxid": "TKH2SE-M7IF5-CFI7LT",
                "pair": "XETHZUSD",
                "time": 1627407022.436126,
                "type": "sell",
                "ordertype": "limit",
                "price": "2220.65",
                "cost": "824.7057107533177",
                "fee": "0.00000",
                "vol": "0.37138032141639504",
                "margin": "0.00000",
                "misc": ""
            },
            "1627407022.446068": {
                "ordertxid": "OQCLML-BW3P3-BUCMWZ",
                "postxid": "TKH2SE-M7IF5-CFI7LT",
                "pair": "XETHZUSD",
                "time": 1627407022.446062,
                "type": "buy",
                "ordertype": "limit",
                "price": "2225.64",
                "cost": "824.7057107533177",
                "fee": "0.00000",
                "vol": "0.3705476675263375",
                "margin": "0.00000",
                "misc": ""
            }
        },
        "count": 1
    }
}